id,name,email,phonenumber
CUS4990,Nguyễn Hằng Vân,aornf9nj@gmail.com,0344868903
CUS4991,Nguyễn Minh Huy,wk4umjf4@gmail.com,0331284440
CUS4992,Nguyễn Lan Mai,e6t3zns6@gmail.com,0352062895
CUS4993,Nguyễn Phương Lan,5qvxnl53@gmail.com,0330040017
CUS4994,Nguyễn Ngọc Vân,k8z32v4a@gmail.com,0359810477
CUS4995,Nguyễn Hương Hằng,h657rfgh@gmail.com,0355730972
CUS4996,Nguyễn Minh Đức,twm70tq5@gmail.com,0358620674
CUS4997,Nguyễn Lan Hạnh,8v012hch@gmail.com,0305375871
CUS4998,Nguyễn Hùng Quang,fj4qpk2o@gmail.com,0388583398
CUS4999,Nguyễn Hạnh Lan,w4q6d321@gmail.com,0328060523
CUS9999,Error,error@gmail.com,0328060524